{"cameraMode":{"drawMode":0,"name":"Shaded","section":"Shading Mode"},"sceneLighting":false,"audioPlay":false,"sceneViewState":{"m_AlwaysRefresh":false,"showFog":true,"showSkybox":true,"showFlares":true,"showImageEffects":true,"showParticleSystems":true,"showVisualEffectGraphs":true,"m_FxEnabled":true},"in2DMode":false,"pivot":{"x":1.3679051399230958,"y":73.9204330444336,"z":100.80891418457031},"rotation":{"x":0.033300817012786868,"y":0.6659188866615295,"z":0.029784251004457475,"w":-0.744705855846405},"size":8.223673820495606,"orthographic":false}