{"cameraMode":{"drawMode":0,"name":"Shaded","section":"Shading Mode"},"sceneLighting":false,"audioPlay":false,"sceneViewState":{"m_AlwaysRefresh":false,"showFog":true,"showSkybox":true,"showFlares":true,"showImageEffects":true,"showParticleSystems":true,"showVisualEffectGraphs":true,"m_FxEnabled":true},"in2DMode":false,"pivot":{"x":0.4022880792617798,"y":78.18695831298828,"z":124.13409423828125},"rotation":{"x":0.02244843915104866,"y":0.7263873815536499,"z":0.023757779970765115,"w":-0.6865259408950806},"size":23.1372013092041,"orthographic":false}